Birdman	 Hotel Edison 228W 47th Street	New York	New York	 USA
Birdman	St. James Theatre 246 West 44th Street	New York	New York	 USA
Birdman	Kaufman Astoria Studios 3412 36th Street	New York	New York	 USA
Birdman	West 43rd Street	New York	New York	 USA
Birdman	Holy Cross School - 332 West 43rd Street	New York	New York	 USA
Birdman	Times Square	New York	New York	 USA
12 Years a Slave	Madame John's Legacy	 New Orleans	 Louisiana	 USA
12 Years a Slave	Felicity Plantation	 Vacherie	 Louisiana	 USA
12 Years a Slave	St. Joseph Plantation		 Louisiana	 USA
12 Years a Slave	Audubon Park	 New Orleans	 Louisiana	 USA
12 Years a Slave	Magnolia Plantation - Highway 311	 Schriever	 Louisiana	 USA
12 Years a Slave	Bocage Plantation	 Darrow	 Louisiana	 USA
12 Years a Slave	"Urbania, Lower Gardens District"	 New Orleans	 Louisiana	 USA
12 Years a Slave	Columns Hotel - 3811 St Charles Avenue	 New Orleans	 Louisiana	 USA
12 Years a Slave	Destrehan		 Louisiana	 USA
12 Years a Slave	Magnolia Lane Plantation - 2141 River Rd	 Bridge City	 Louisiana	 USA
Argo		Istanbul		 Turkey
Argo	Yeni Camii	 Istanbul		 Turkey
Argo	Hagia Sophia	 Istanbul		 Turkey
Argo	Veterans Hospital - 1611 Plummer Street	 North Hills	 California	 USA
Argo	Hagia Sophia	 Istanbul		 Turkey
Argo	Smokehouse Restaurant - 4420 West Lakeside Drive	 Burbank	 California	 USA
Argo	Blue Mosque	 Istanbul		 Turkey
Argo	Warner Brothers Burbank Studios - 4000 Warner Boulevard	 Burbank	 California	 USA
Argo	Ontario International Airport - 2900 E. Airport Drive	 Ontario	 California	 USA
Argo	1001 Bel Air Road	 Los Angeles	 California	 USA
Argo	McLean		 Virginia	 USA
Argo	Beverly Hills		 California	 USA
Argo	Washington		 District of Columbia	 USA
The Artist	Bradbury Building - 304 S. Broadway	 Los Angeles	 California	 USA
The Artist	Fremont Mansion - 56 Fremont Place	 Los Angeles	 California	 USA
The Artist	Hancock Park	 Los Angeles	 California	 USA
The Artist	Paramount Studios - 5555 Melrose Avenue	 Los Angeles	 California	 USA
The Artist	104 Fremont Place	 Los Angeles	 California	 USA
The Artist	The Ebell of Los Angeles - 743 South Lucerne Bouelvard	 Los Angeles	 California	 USA
The Artist	Million Dollar Theatre - 307 S. Broadway	 Los Angeles	 California	 USA
The Artist		Pasadena	 California	 USA
The Artist	Red Studios  846 N. Cahuenga Blvd.	 Los Angeles	 California	 USA
The Artist	"Warner Brothers Burbank Studios - 4000 Warner Boulevard, Burbank"	 Los Angeles	 California	 USA
The Artist	Cicada 617 Olive Street	 Los Angeles	 California	 USA
The King's Speech	"Halton House, Halton"	Wendover	 Buckinghamshire	 UK
The King's Speech	33 Portland Place	 Marylebone	 London	 UK
The King's Speech	Avenue Garden	 Regent's Park	 London	 UK
The King's Speech	Battersea Power Station	 Battersea	 London	 UK
The King's Speech	Elland Road Stadium	 Leeds	 West Yorkshire	 UK
The King's Speech	"Grattan Stadium, Odsal"	 Bradford	 West Yorkshire	 UK
The King's Speech	Hatfield House	 Hatfield	 Hertfordshire	 UK
The King's Speech	Knebworth House	 Stevenage	 Hertfordshire	 UK
The King's Speech	"Lancaster House, The Mall"	 St. James's	 London	 UK
The King's Speech	Queen Street Mill Textile Museum	 Burnley	 Lancashire	 UK
The King's Speech	"Cumberland Lodge,  Windsor Great Park"	 Windsor	 Berkshire	 UK
The King's Speech	"Draper's Hall,  Throgmorton Avenue"	 Broadgate	 London	 UK
The King's Speech	Wendover Woods		 Buckinghamshire	 UK
The King's Speech	Elstree Studios	 Borehamwood	 Hertfordshire	 UK
The King's Speech	Ely Cathedral	 Ely	 Cambridgeshire	 UK
The King's Speech	Englefield House Theale	 Reading	 Berkshire	 UK
The King's Speech	Harley Street	 Marylebone	 London	 UK
The King's Speech	Old Royal Naval College	 Greenwich	 London	 UK
The King's Speech	Pullens Estate	 Southwark	 London	 UK
The Hurt Locker		Amman		 Jordan
The Hurt Locker		Vancouver	 British Columbia	 Canada
The Hurt Locker		Langley	 British Columbia	 Canada
Slumdog Millionaire		Agra	 Uttar Pradesh	 India
Slumdog Millionaire		Mumbai	 Maharashtra	 India
Slumdog Millionaire	Juhu	 Mumbai	 Maharashtra	 India
Slumdog Millionaire	ND Studios Karjat	 Mumbai	 Maharashtra	 India
No Country for Old Men		Marfa	 Texas	 USA
No Country for Old Men	Desert Sands Motel - 5000 Central Avenue SW	 Albuquerque	 New Mexico	 USA
No Country for Old Men		Las Vegas	 New Mexico	 USA
No Country for Old Men	Big Bend National Park		 Texas	 USA
No Country for Old Men	Piedras Negras		 Coahuíla	 Mexico
No Country for Old Men	Albuquerque		 New Mexico	 USA
No Country for Old Men	El Camino Motel & Restaurant - 1152 North Grand Avenue	 Las Vegas	 New Mexico	 USA
No Country for Old Men		Santa Fe	 New Mexico	 USA
No Country for Old Men	 College of Santa Fe - 1600 Saint Michaels Drive	 Santa Fe	 New Mexico	 USA
No Country for Old Men	Desert Sands Motor Hotel - 5000 Central Ave SE	 Albuquerque	 New Mexico	 USA
The Departed	SUNY Maritime College Bronx	 New York	 New York	 USA
The Departed		Quincy	 Massachusetts	 USA
The Departed		Boston	 Massachusetts	 USA
The Departed		Charlestown	 Massachusetts	 USA
The Departed	Chinatown	 Boston	 Massachusetts	 USA
The Departed	Greenpoint Brooklyn	 New York	 New York	 USA
The Departed		Lynn	 Massachusetts	 USA
The Departed	12 Farnsworth Street	 Boston	 Massachusetts	 USA
The Departed	Fore River Ship Yard	 Quincy	 Massachusetts	 USA
The Departed	Brooklyn Heights Brooklyn	 New York	 New York	 USA
The Departed	Erich Lindemann Mental Health Center - 25 Staniford Street	 Boston	 Massachusetts	 USA
The Departed	Gerritsen Beach Brooklyn	 New York	 New York	 USA
The Departed	Sunset Park  Brooklyn	 New York	 New York	 USA
The Departed	White Plains	 New York	 New York	 USA
Crash	Port of Los Angeles	 Los Angeles	 California	 USA
Crash	"3500 S. Gaffey Street,  San Pedro"	 Los Angeles	 California	 USA
Crash	5100 Costello Avenue  Sherman Oaks	 Los Angeles	 California	 USA
Crash	Broadway & Ord Street	 Los Angeles	 California	 USA
Crash	"Broxton Avenue,  Westwood Village,  Westwood"	 Los Angeles	 California	 USA
Crash	Carney's Restaurant - 12601 Ventura Boulevard	 Los Angeles	 California	 USA
Crash	Westwood	 Los Angeles	 California	 USA
Crash	San Fernando Valley	 Los Angeles	 California	 USA
Crash		Santa Monica	 California	 USA
Crash	Ventura Ct.	 Los Angeles	 California	 USA
Crash	Wilmington	 Los Angeles	 California	 USA
Million Dollar Baby	Hollywood Athletic Club - 6525 W. Sunset Blvd.	 Los Angeles	 California	 USA
Million Dollar Baby		Las Vegas	 Nevada	 USA
Million Dollar Baby	Quality Coffee Shop - 1238 West 7th Street	 Los Angeles	 California	 USA
Million Dollar Baby	"Saint Mark Catholic Church, Venice"	 Los Angeles	 California	 USA
Million Dollar Baby	Sunset Blvd. Hollywood	 Los Angeles	 California	 USA
Million Dollar Baby	Warner Brothers Burbank Studios - 4000 Warner Boulevard	 Burbank	 California	 USA
The Lord of the Rings: The Return of the King	Hinuera Valley	 Matamata	 Waikato	 New Zealand
The Lord of the Rings: The Return of the King	Mt. Potts Station	 Erewhon	 Canterbury	 New Zealand
The Lord of the Rings: The Return of the King	"Camperdown Studios, Camperdown Road,  Miramar"	 Wellington		 New Zealand
The Lord of the Rings: The Return of the King	Fernside	 Featherston	 Wairarapa	 New Zealand
The Lord of the Rings: The Return of the King	Queenstown	 Otago		 New Zealand
The Lord of the Rings: The Return of the King	Tongariro National Park	 Central Plateau		 New Zealand
The Lord of the Rings: The Return of the King	Twizel	 Canterbury		 New Zealand
The Lord of the Rings: The Return of the King	Paradise	 Glenorchy	 Otago	 New Zealand
The Lord of the Rings: The Return of the King	Upper Hutt	 Wellington		 New Zealand
The Lord of the Rings: The Return of the King	Milford Sound	 Fiordland National Park	 Southland	 New Zealand
Chicago	"Ontario Legislature Building,  Queen's Park"	 Toronto	 Ontario	 Canada
Chicago	Parkwood Estate	 Oshawa	 Ontario	 Canada
Chicago	Distillery District	 Toronto	 Ontario	 Canada
Chicago	Danforth Music Hall - 147 Danforth Ave.	 Toronto	 Ontario	 Canada
Chicago	Osgoode Hall	 Toronto	 Ontario	 Canada
Chicago	Casa Loma	 Toronto	 Ontario	 Canada
Chicago	Canada Life Building	 Toronto	 Ontario	 Canada
Chicago	133 Church St	 Toronto	 Ontario	 Canada
Chicago	Elgin Theatre	 Toronto	 Ontario	 Canada
Chicago	Parkwood Estate	 Oshawa	 Ontario	 Canada
Chicago		Chicago	 Illinois	 USA
A Beautiful Mind		Princeton	 New Jersey	 USA
A Beautiful Mind		Jersey City	 New Jersey	 USA
A Beautiful Mind		Newark	 New Jersey	 USA
A Beautiful Mind		Bayonne	 New Jersey	 USA
A Beautiful Mind		Belleville	 New Jersey	 USA
A Beautiful Mind	Bronx Community College - University Avenue at West 181 Street	 New York City	 New York	 USA
A Beautiful Mind		East Orange	 New Jersey	 USA
A Beautiful Mind	Fairleigh Dickinson University - 285 Madison Avenue	 Madison	 New Jersey	 USA
A Beautiful Mind	"Manhattan College - Manhattan College Parkway, Riverdale"	 New York City	 New York	 USA
A Beautiful Mind	Fordham University - 441 E. Fordham Road. Rose Hill	 New York City	 New York	 USA
A Beautiful Mind	Yonkers	 New York City	 New York	 USA
Gladiator				Malta
Gladiator	Bourne Woods	 Farnham	 Surrey	 UK
Gladiator		Ouarzazate		 Morocco
Gladiator	Val d'Orcia	 Siena	 Tuscany	 Italy
Gladiator	Alabama Hills	 Lone Pine	 California	 USA
Gladiator		Ait Benhaddou		 Morocco
Gladiator	Shepperton Studios	 Shepperton	 Surrey	 UK
Gladiator	Atlas Corporation Studios	 Ouarzazate		 Morocco
American Beauty		Sacramento	 California	 USA
American Beauty	11388 Homedale Street  Brentwood	 Los Angeles	 California	 USA
American Beauty	20105 Saticoy Rd.  Canoga Park	 Los Angeles	 California	 USA
American Beauty	Los Angeles Police Academy - 1880 N. Academy Drive  Elysian Park	 Los Angeles	 California	 USA
American Beauty	South Bay	 Los Angeles	 California	 USA
American Beauty	South High School - 4801 Pacific Coast Highway	 Torrance	 California	 USA
American Beauty	Alameda Avenue	 Burbank	 California	 USA
American Beauty	Chatsworth	 Los Angeles	 California	 USA
American Beauty	330 S. Windsor Blvd. Hancock Park	 Los Angeles	 California	 USA
American Beauty	Long Beach Polytechnic High School - 1600 Atlantic Avenue	 Long Beach	 California	 USA
American Beauty	Blondie Street  Columbia/Warner Bros. Ranch - 411 North Hollywood Way	 Burbank	 California	 USA
American Beauty	Warner Brothers Burbank Studios - 4000 Warner Boulevard	 Burbank	 California	 USA
Shakespeare in Love	Broughton Castle	 Banbury	 Oxfordshire	 UK
Shakespeare in Love	Barnes	 London	 UK	 UK
Shakespeare in Love	Holkham Hall and Estate	 Norfolk	 UK	 UK
Shakespeare in Love	Eton College	 Eton	 Berkshire	 UK
Shakespeare in Love	Hatfield House	 Hatfield	 Hertfordshire	 UK
Shakespeare in Love	Shepperton Studios	 Shepperton	 Surrey	 UK
Shakespeare in Love	Smithfield	 Holborn	 London	 UK
Shakespeare in Love	Spitalfields	 London	 UK	 UK
Shakespeare in Love	Whitehall	 Westminster	 London	 UK
Titanic	Titanic wreck	 Titanic Canyon	 North Atlantic	 Atlantic Ocean
Titanic	Fox Baja Studios	 Rosarito	 Baja California Norte	 Mexico
Titanic	Rosarito	 Baja California Norte		 Mexico
Titanic	Belmont Olympic Pool - 4000 E. Olympic Plaza	 Long Beach	 California	 USA
Titanic		Halifax	 Nova Scotia	 Canada
Titanic		Vancouver	 British Columbia	 Canada
Titanic	"S.S. Lane Victory, Pier 94, San Pedro"	 Los Angeles	 California	 USA
Titanic		Santa Clarita	 California	 USA
Titanic	S.S. Jeremiah O'Brien	 San Francisco	 California	 USA
The English Patient	"Grand Hotel des Bains, Lungomare Marconi 41,  Lido"	 Venice	 Veneto	 Italy
The English Patient		Mahdia		 Tunisia
The English Patient	Sant'Anna in Camprena  Pienza	 Siena	 Tuscany	 Italy
The English Patient	Cinecittà Studios  Cinecittà	 Rome	 Lazio	 Italy
The English Patient	Le Grand Hotel	 Rome	 Lazio	 Italy
The English Patient		Oung Jmel	 Nefta	 Tunisia
The English Patient	Pienza	 Siena	 Tuscany	 Italy
The English Patient	Ripafratta	 Pisa	 Tuscany	 Italy
The English Patient		Rome	 Lazio	 Italy
The English Patient		Sidi Bouhlel	 Tozeur	 Tunisia
The English Patient		Trieste	 Friuli-Venezia Giulia	 Italy
The English Patient			Tunis	 Tunisia
The English Patient	Viareggio	 Lucca	 Tuscany	 Italy
Braveheart	Fort William	 Glen Coe	 Highland	 UK
Braveheart			Arizona	 USA
Braveheart	Aonach Eagach	 Highland		 UK
Braveheart	Glen Nevis	 Fort William	 Highland	 UK
Braveheart	Glen Coe		 Highland	 UK
Braveheart	Loch Leven	 Onich	 Highland	 UK
Braveheart	Ardmore Studios Herbert Road	 Bray	 County Wicklow	 Ireland
Braveheart	Coronation Plantation		 County Wicklow	 Ireland
Braveheart	Dunsoghly Castle		 County Dublin	 Ireland
Braveheart	Trim Castle	 Trim	 County Meath	 Ireland
Braveheart	Bective Abbey		 County Meath	 Ireland
Braveheart	King John's Castle	 Trim	 County Meath	 Ireland
Braveheart	Sally's Gap		 County Wicklow	 Ireland
Braveheart	Ballymore Eustace		 County Kildare	 Ireland
Braveheart	Curragh Plains		 County Kildare	 Ireland
Braveheart	Dunsany Castle		 County Meath	 Ireland
Braveheart	Luggala Estate		 County Wicklow	 Ireland
Braveheart	St Margarets	 Dublin	 County Dublin	 Ireland
Braveheart	The Curragh		 County Kildare	 Ireland
Braveheart	Trim		 County Meath	 Ireland
Forrest Gump	Chippewa Square	 Savannah	 Georgia	 USA
Forrest Gump	Beaufort		 South Carolina	 USA
Forrest Gump	Biltmore Estate - 1 Approach Road	 Asheville	 North Carolina	 USA
Forrest Gump	Monument Valley		 Utah	 USA
Forrest Gump	Grandfather Mountain	 Linville	 North Carolina	 USA
Forrest Gump	Bluff Plantation - 3547 Combahee Road	 Yemassee	 South Carolina	 USA
Forrest Gump		Fripp Island	 South Carolina	 USA
Forrest Gump		Port Clyde	 Maine	 USA
Forrest Gump		Pritchardville	 South Carolina	 USA
Forrest Gump	Valley of the Gods	 Mexican Hat	 Utah	 USA
Forrest Gump		Flagstaff	 Arizona	 USA
Forrest Gump		Pemaquid	 Maine	 USA
Forrest Gump		Twin Arrows	 Arizona	 USA
Forrest Gump		Blackfeet Indian Reservation	 Montana	 USA
Forrest Gump		Orange	 California	 USA
Forrest Gump	Santa Monica Pier	 Santa Monica	 California	 USA
Forrest Gump		Varnville	 South Carolina	 USA
Forrest Gump	Glacier National Park		 Montana	 USA
Forrest Gump	Lincoln Memorial  National Mall	 Washington	 District of Columbia	 USA
Forrest Gump	University of Southern California	 Los Angeles	 California	 USA
Forrest Gump	East Los Angeles College - 1301 Avenida Cesar Chavez	 Monterey Park	 California	 USA
Forrest Gump	Paramount Studios - 5555 Melrose Avenue  Hollywood	 Los Angeles	 California	 USA
Forrest Gump	Grauman's Chinese Theater - 6925 Hollywood Blvd.  Hollywood	 Los Angeles	 California	 USA
Forrest Gump	The Ebell of Los Angeles - 743 South Lucerne Bouelvard	 Los Angeles	 California	 USA
Forrest Gump	Marks Hall - 612 W. 35th Place University of Southern California	 Los Angeles	 California	 USA
Forrest Gump	Ambassador Hotel - 3400 Wilshire Boulevard	 Los Angeles	 California	 USA
Forrest Gump	Monument Valley		 Arizona	 USA
Schindler's List	Auschwitz-Birkenau Concentration Camp	 Oswiecim	 Malopolskie	 Poland
Schindler's List	Plaszów	 Kraków	 Malopolskie	 Poland
Schindler's List	Szeroka	 Kraków	 Malopolskie	 Poland
Schindler's List	Józefa	 Kraków	 Malopolskie	 Poland
Schindler's List	Most Pilsudskiego	 Kraków	 Malopolskie	 Poland
Schindler's List		Jerusalem		 Israel
Unforgiven		Brooks	 Alberta	 Canada
Unforgiven		Longview	 Alberta	 Canada
Unforgiven		Drumheller	 Alberta	 Canada
Unforgiven		High River	 Alberta	 Canada
Unforgiven	Red Hills Ranch	 Sonora	 California	 USA
Unforgiven		Calgary	 Alberta	 Canada
The Silence of the Lambs		Pittsburgh	 Pennsylvania	 USA
The Silence of the Lambs	Western Center - 333 Curry Hill Rd.	 Canonsburg	 Pennsylvania	 USA
The Silence of the Lambs		Clay County	 West Virginia	 USA
The Silence of the Lambs		Bellaire	 Ohio	 USA
The Silence of the Lambs	Bimini Airport	 South Bimini Island	 Bimini Islands	 Bahamas
The Silence of the Lambs	Carnegie Museum of Natural History - 4400 Forbes Avenue	 Pittsburgh	 Pennsylvania	 USA
The Silence of the Lambs	Front St	 Glenwillard	 Pennsylvania	 USA
The Silence of the Lambs	Lindbergh Avenue	 Shaler Township	 Pennsylvania	 USA
The Silence of the Lambs		McKeesport	 Pennsylvania	 USA
The Silence of the Lambs		Memphis	 Tennessee	 USA
The Silence of the Lambs		Washington	 District of Columbia	 USA
The Silence of the Lambs	8 Circle Street	 Perryopolis	 Pennsylvania	 USA
The Silence of the Lambs	Department of Labor Frances Perkins Building - 200 Constitution Avenue NW	 Washington	 District of Columbia	 USA
The Silence of the Lambs	E 8th Ave & Amity St	 Homestead	 Pennsylvania	 USA
The Silence of the Lambs	FBI Academy	 Quantico	 Virginia	 USA
The Silence of the Lambs	Lambert International Airport - 10701 Lambert International Boulevard	 St. Louis	 Missouri	 USA
The Silence of the Lambs		Layton	 Pennsylvania	 USA
The Silence of the Lambs	Main Street West	 Rural Valley	 Pennsylvania	 USA
The Silence of the Lambs	Old Allegheny County Jail - 5th Ave & Ross Street	 Pittsburgh	 Pennsylvania	 USA
The Silence of the Lambs	Soldiers and Sailors Museum and Memorial - 4141 Fifth Avenue	 Pittsburgh	 Pennsylvania	 USA
Dances with Wolves	Badlands National Park	 Interior	 South Dakota	 USA
Dances with Wolves	Jackson Hole		 Wyoming	 USA
Dances with Wolves	Sage Creek Wilderness Area  Badlands National Park	 Interior	 South Dakota	 USA
Dances with Wolves	Triple U Standing Butte Ranch - 26314 Tatanka Road	 Fort Pierre	 South Dakota	 USA
Dances with Wolves		Belle Fourche River	 South Dakota	 USA
Dances with Wolves		Black Hills	 South Dakota	 USA
Dances with Wolves		Jackson	 Wyoming	 USA
Dances with Wolves		Rapid City	 South Dakota	 USA
Dances with Wolves	Spearfish Canyon	 Black Hills	 South Dakota	 USA
Dances with Wolves		Interior	 South Dakota	 USA
Dances with Wolves		Pierre	 South Dakota	 USA
Dances with Wolves	Tomahawk Drive	 Fort Hays	 Kansas	 USA
Dances with Wolves			Nebraska	 USA
Dances with Wolves		Fort Pierre	 South Dakota	 USA
Driving Miss Daisy	822 Lullwater Road  Druid Hills	 Atlanta	 Georgia	 USA
Driving Miss Daisy	Fulton Supply Company	 Atlanta	 Georgia	 USA
Driving Miss Daisy	The Temple - 1589 Peachtree Street NE	 Atlanta	 Georgia	 USA
Driving Miss Daisy	Sevananda Natural Foods Grocery  1111 Euclid Ave. NE	 Atlanta	 Georgia	 USA
Driving Miss Daisy	Agnes Scott College - 141 E. College Avenue	 Decatur	 Georgia	 USA
Driving Miss Daisy	Druid Hills	 Atlanta	 Georgia	 USA
Driving Miss Daisy		Griffin	 Georgia	 USA
Driving Miss Daisy		Decatur	 Georgia	 USA
Driving Miss Daisy		Douglasville	 Georgia	 USA
Driving Miss Daisy	Castleberry Hill	 Atlanta	 Georgia	 USA
Rain Man		Guthrie	 Oklahoma	 USA
Rain Man	Santa Ana Regional Transportation Center - 1000 E. Santa Ana Boulevard	 Santa Ana	 California	 USA
Rain Man		Cogar	 Oklahoma	 USA
Rain Man		El Reno	 Oklahoma	 USA
Rain Man		Hinton	 Oklahoma	 USA
Rain Man	Caesars Palace - 3570 Las Vegas Boulevard South	 Las Vegas	 Nevada	 USA
Rain Man	Cincinnati-Northern Kentucky International Airport	 Covington	 Kentucky	 USA
Rain Man		Las Vegas	 Nevada	 USA
Rain Man		Oklahoma City	 Oklahoma	 USA
Rain Man	Westin Bonaventure Hotel & Suites - 404 S. Figueroa Street	 Los Angeles	 California	 USA
Rain Man		Cincinnati	 Ohio	 USA
Rain Man	Hearthstone Restaurant  18149 U.S. Highway 52	 Metamora	 Indiana	 USA
Rain Man	Evergreen Cemetery Cemetery - 25 Alexandria Pike	 Newport	 Kentucky	 USA
Rain Man	Pompilio's Bar and Restaurant - 600 Washington Avenue	 Newport	 Kentucky	 USA
Rain Man	St. Anne's Convent - 1000 St. Anne Drive	 Melbourne	 Kentucky	 USA
Rain Man	The Dixie Terminal  Fourth and Walnut Streets	 Cincinnati	 Ohio	 USA
Rain Man		East Walnut Hills	 Ohio	 USA
Rain Man	Pink Cadillac Cafe - 8221 West 3rd Street	 Los Angeles	 California	 USA
Rain Man		Silver Grove	 Kentucky	 USA
Rain Man	Wattles Mansion - 1824 N. Curson Avenue  Hollywood	 Los Angeles	 California	 USA
The Last Emperor	Forbidden City	 Dongcheng District	 Beijing	 China
The Last Emperor	Beijing Studios		 Beijing	 China
The Last Emperor	Changchun Railway Station	 Changchun	 China	
The Last Emperor	"Cinecittà Studios,  Cinecittà"	 Rome	 Lazio	 Italy
The Last Emperor		Dalian		 China
The Last Emperor	Incir De Paolis Studios	 Rome	 Lazio	 Italy
The Last Emperor		Manchuria		 China
The Last Emperor	Moorish Hall Palazzo dei Congressi  Salsomaggiore Terme	 Parma	 Emilia-Romagna	 Italy
The Last Emperor	Passenger Terminal	 Dalian		 China
The Last Emperor	Puppet Manchurian Imperial Palace Museum	 Changchun		 China
The Last Emperor		Rome	 Lazio	 Italy
The Last Emperor	Summer Palace	 Beijing		 China
Platoon				Philippines
Out of Africa	Shaba National Game Reserve			 Kenya
Out of Africa	Shepperton Studios	 Shepperton	 Surrey	 UK
Out of Africa			UK	 UK
Amadeus		Kromeríz		 Czech Republic
Amadeus	Barrandov Studios	 Prague		 Czech Republic
Amadeus	Hradcany Square	 Hradcany	 Prague	 Czech Republic
Amadeus	Archbishop's Palace	 Kromeríz	 Czech Republic	
Amadeus	Château de Guermantes	 Seine-et-Marne		 France
Amadeus	"Estates Theatre, Ovocný trh 1,  Old Town"	 Prague		 Czech Republic
Amadeus	"Gryspek Palace,  Hradcany Square"	 Hradcany	 Prague	 Czech Republic
Amadeus	Kromeríz	 Czech Republic		
Amadeus	Malá Strana	 Prague		 Czech Republic
Amadeus	Old Town	 Prague		 Czech Republic
Amadeus	"Palace of the Grand Prior of the Knights of Malta,  Maltese Square"	 Malá Strana	 Prague	 Czech Republic
Amadeus	"St Giles' Church,  Husova Street"	 Old Town	 Prague	 Czech Republic
Amadeus	Wien Südbahnhof - Wiedner Gürtel 1	 Favoriten	 Vienna	 Austria
Amadeus	Tyl Theatre	 Plzen		 Czech Republic
Amadeus	Hradcanske Námestí	 Hradcany	 Prague	 Czech Republic
Amadeus	Monte Argentario	 Grosseto	 Tuscany	 Italy
Amadeus	Maltese Square	 Malá Strana	 Prague	 Czech Republic
Terms of Endearment	1148 Heights Blvd.	 Houston	 Texas	 USA
Terms of Endearment	3060 Locke Lane	 Houston	 Texas	 USA
Terms of Endearment	Brennan's Restaurant - 3300 Smith Street	 Houston	 Texas	 USA
Terms of Endearment	River Oaks	 Houston	 Texas	 USA
Terms of Endearment		Texas City	 Texas	 USA
Terms of Endearment	Lincoln International Airport	 Lincoln	 Nebraska	 USA
Terms of Endearment	"Bryan LGH Medical Center, West 2300 S 16th Street"	 Lincoln	 Nebraska	 USA
Terms of Endearment		Junction City	 Kansas	 USA
Terms of Endearment		Kearney	 Nebraska	 USA
Terms of Endearment		Lincoln	 Nebraska	 USA
Terms of Endearment		New York City	 New York	 USA
Terms of Endearment	University of Nebraska	 Lincoln	 Nebraska	 USA
Gandhi	Old Town Hall	 Staines	 Surrey	 UK
Gandhi	"Aga Khan Palace,  Nagar Rd"	 Pune	 Maharashtra	 India
Gandhi			Bihar	 India
Gandhi			Maharashtra	 India
Gandhi		Mumbai	 Maharashtra	 India
Gandhi		Patna	 Bihar	 India
Gandhi		Pune	 Maharashtra	 India
Gandhi		West Bengal	 India	
Gandhi		Amritsar	 Punjab	 India
Gandhi	Birla House	 New Delhi	 Delhi	 India
Gandhi		Bromley-by-Bow	 London	 UK
Gandhi	Buckingham Palace	 Westminster	 London	 UK
Gandhi		Calcutta	 West Bengal	 India
Gandhi			Gujarat	 India
Gandhi		Hyderabad House	 Delhi	 India
Gandhi	India Gate	 New Delhi	 Delhi	 India
Gandhi	"Kingsley Hall,  Powis Road"	 Bromley-by-Bow	 London	 UK
Gandhi	Nagar Rd	 Pune	 Maharashtra	 India
Gandhi		New Delhi	 Delhi	 India
Gandhi		Porbandar	 Gujarat	 India
Gandhi	Powis Road	 Bromley-by-Bow	 London	 UK
Gandhi		Punjab		 India
Gandhi		Rajasthan		 India
Gandhi		Rajpath	 Delhi	 India
Gandhi		Rashtrapati Bhavan	 Delhi	 India
Gandhi	Red Fort	 Agra	 Uttar Pradesh	 India
Gandhi	Shepperton Studios	 Shepperton	 Surrey	 UK
Gandhi	Staines	 Surrey	 UK	 UK
Gandhi	Twickenham	 Middlesex	 UK	 UK
Gandhi	Udaipur	 Rajasthan	 India	 UK
Chariots of Fire	The Oval Sports Centre	 Bebington	 Merseyside	 UK
Chariots of Fire	Oyster Bar	 Café Royal	 Edinburgh	 UK
Chariots of Fire	Sma Glen	 Aberfeldy	 Perth and Kinross	 UK
Chariots of Fire	St. Andrews	 Fife	 UK	 UK
Chariots of Fire	West Sands Beach	 St. Andrews	 Fife	 UK
Chariots of Fire	Arthur's Seat	 Edinburgh	 UK	 UK
Chariots of Fire	Assembly Hall	 The Mound	 Edinburgh	 UK
Chariots of Fire	Birkenhead	 Merseyside	 UK	 UK
Chariots of Fire	Broughton McDonald Church	 Broughton Place	 Edinburgh	 UK
Chariots of Fire	Cafe Royal	 Edinburgh	 UK	 UK
Chariots of Fire	Cambridge University	 Cambridge	 Cambridgeshire	 UK
Chariots of Fire	Cowley Girls High School	 St. Helens	 Merseyside	 UK
Chariots of Fire	Eton College	 Eton	 Berkshire	 UK
Chariots of Fire	Goldenacre	 Inverleith	 Edinburgh	 UK
Chariots of Fire	Hall Barn	 Beaconsfield	 Buckinghamshire	 UK
Chariots of Fire	Holyrood Park	 Edinburgh	 UK	 UK
Chariots of Fire	Inverleith	 Edinburgh	 UK	 UK
Chariots of Fire	"King's College Chapel, King's College, Cambridge University"	 Cambridge	 Cambridgeshire	 UK
Chariots of Fire	Liverpool Town Hall	 Liverpool	 Merseyside	 UK
Chariots of Fire	Town Hall	 Liverpool	 Merseyside	 UK
Chariots of Fire	York Station	 York	 North Yorkshire	 UK
Chariots of Fire	Ruskin Drive Sports Ground	 St.Helens	 Merseyside	 UK
Ordinary People	Lake Forest High School - 1285 N. McKinley Road	 Lake Forest	 Illinois	 USA
Ordinary People		Northbrook	 Illinois	 USA
Ordinary People	Walker Brothers Original Pancake House - 153 Green Bay Road	 Wilmette	 Illinois	 USA
Ordinary People		Chicago	 Illinois	 USA
Ordinary People		Fort Sheridan	 Illinois	 USA
Ordinary People		Highland Park	 Illinois	 USA
Ordinary People		Lake Bluff	 Illinois	 USA
Ordinary People		Lake Forest	 Illinois	 USA
Ordinary People	"Paramount Studios - 5555 Melrose Avenue,  Hollywood"	 Los Angeles	 California	 USA
Ordinary People	Apple Valley		 California	 USA
Kramer vs. Kramer	"Chrysler Building - 405 Lexington Avenue,  Manhattan"	 New York City	 New York	 USA
Kramer vs. Kramer	"Central Park,  Manhattan"	 New York City	 New York	 USA
Kramer vs. Kramer	"Federal Hall,  Wall Street,  Manhattan"	 New York City	 New York	 USA
Kramer vs. Kramer	"Financial District,  Manhattan"	 New York City	 New York	 USA
Kramer vs. Kramer	"Tweed Courthouse - 52 Chambers Street,  Manhattan"	 New York City	 New York	 USA
Kramer vs. Kramer	"Wall Street,  Manhattan"	 New York City	 New York	 USA
The Deer Hunter		Bangkok		 Thailand
The Deer Hunter		Clairton	 Pennsylvania	 USA
The Deer Hunter		Follansbee	 West Virginia	 USA
The Deer Hunter		Mingo Junction	 Ohio	 USA
The Deer Hunter		River Kwai		 Thailand
The Deer Hunter	Heather Meadows	 Mount Baker	 Washington	 USA
The Deer Hunter	Bowladrome Lanes - 56 State Street	 Struthers	 Ohio	 USA
The Deer Hunter		Katchanburi		 Thailand
The Deer Hunter	McKeesport	 Pennsylvania		 USA
The Deer Hunter	Mill Creek Park	 Youngstown	 Ohio	 USA
The Deer Hunter	Nooksack Falls	 Mount Baker	 Washington	 USA
The Deer Hunter	St. Theodosius Russian Orthodox Church - 733 Starkweather Avenue	 Cleveland	 Ohio	 USA
The Deer Hunter	Whatcom County	 Washington		 USA
The Deer Hunter	993 N. 7th Street	 Steubenville	 Ohio	 USA
The Deer Hunter	Don Mueang International Airport	 Don Mueang	 Bangkok	 Thailand
The Deer Hunter	Duquesne Heights		 Pennsylvania	 USA
The Deer Hunter	Lake Chelan	 Washington		 USA
The Deer Hunter	Lemko Hall - 2335 W. Eleventh Street	 Cleveland	 Ohio	 USA
The Deer Hunter	Mount Baker	 Washington		 USA
The Deer Hunter	Steubenville		 Ohio	 USA
The Deer Hunter	Throng Wad Road	 Bangkok		 Thailand
The Deer Hunter	US Steel Widowmaker Central Blast Furnace	 Cleveland	 Ohio	 USA
The Deer Hunter		Weirton	 West Virginia	 USA
The Deer Hunter		Youngstown	 Ohio	 USA
The Deer Hunter		Pittsburgh	 Pennsylvania	 USA
The Deer Hunter		Cleveland	 Ohio	 USA
The Deer Hunter	Commercial Street	 Mingo Junction	 Ohio	 USA
The Deer Hunter	Louis Stokes VA Medical Center - 10701 East Boulevard	 Cleveland	 Ohio	 USA
The Deer Hunter	McKeesport and Versailles Cemetery - 1608 Fifth Avenue	 McKeesport	 Pennsylvania	 USA
The Deer Hunter	Mingo Junction		 Ohio	 USA
The Deer Hunter	St.Gabriel's College - 565 Samsen Road	 Bangkok		 Thailand
The Deer Hunter	Starkweather Avenue	 Cleveland	 Ohio	 USA
The Deer Hunter		Struthers	 Ohio	 USA
Annie Hall	"Beekman Cinema - 1254 2nd Avenue,  Manhattan"	 New York City	 New York	 USA
Annie Hall	"Filmways Studios - 246 East 127th Street, East Harlem"	 New York City	 New York	 USA
Annie Hall	Sunset Blvd. Hollywood	 Los Angeles	 California	 USA
Annie Hall	"Thalia Cinema - 250 West 95th Street, Upper West Side"	 New York City	 New York	 USA
Annie Hall	"2nd Avenue,  Manhattan"	 New York City	 New York	 USA
Annie Hall	3rd Avenue   Bronx	 New York City	 New York	 USA
Annie Hall	"70th Street,  Manhattan"	 New York City	 New York	 USA
Annie Hall	"Astroland Park,  Coney Island, Brooklyn"	 New York City	 New York	 USA
Annie Hall	"Bethesda Fountain, Central Park"	 New York City	 New York	 USA
Annie Hall	Cajun Bistro - 8301 Sunset Blvd.	 West Hollywood	 California	 USA
Annie Hall	"Central Park,  Manhattan"	 New York City	 New York	 USA
Annie Hall	Long Island	 New York	 New York	 USA
Annie Hall	New York Theater	 New York City	 New York	 USA
Annie Hall	"Plaza Hotel - 750 Fifth Avenue,  Manhattan"	 New York City	 New York	 USA
Annie Hall	South Shore	 Long Island	 New York	 USA
Annie Hall	The Hamptons	 Long Island	 New York	 USA
Annie Hall	"Wall Street Tennis Club,  Wall Street"	 New York City	 New York	 USA
Annie Hall	W. Century Blvd. & Airport Blvd	 Los Angeles	 California	 USA
Annie Hall	"5th Avenue,  Manhattan"	 New York City	 New York	 USA
Annie Hall		Beverly Hills	 California	 USA
Annie Hall		Palos Verdes Peninsula	 California	 USA
Annie Hall	"Steve's Famous Clam Bar - 515 Atlantic Avenue,  Brooklyn"	 New York City	 New York	 USA
Annie Hall	"Surf Avenue, "	 New York City	 New York	 USA
Annie Hall	"Thunderbolt Rollercoaster,  Coney Island, Brooklyn"	 New York City	 New York	 USA
Annie Hall	"Upper West Side,  Manhattan"	 New York City	 New York	 USA
Annie Hall	"Wall Street,  Manhattan"	 New York City	 New York	 USA
Annie Hall		West Hollywood	 California	 USA
Rocky	"1818 East Tusculum Street,  Kensington"	 North Philadelphia	 Pennsylvania	 USA
Rocky	Pat's King of Steaks - 1237 S. Passyunk Avenue	 Philadelphia	 Pennsylvania	 USA
Rocky	Fairmount Park	 Philadelphia	 Pennsylvania	 USA
Rocky	Resurrection Gym - 1114 S. Lorena Street	 East Los Angeles	 California	 USA
Rocky	Shamrock Meats - 3461 E. Vernon Avenue	 Vernon	 California	 USA
Rocky	"Main Street Gym - 318½ S Main St, Downtown"	 Los Angeles	 California	 USA
Rocky	Philadelphia Museum of Art - 2600 Benjamin Franklin Parkway	 Philadelphia	 Pennsylvania	 USA
Rocky	2822-2824 Rosehill St	 Philadelphia	 Pensylvannia	 USA
Rocky	Kensington	 North Philadelphia	 Pennsylvania	 USA
Rocky	"Los Angeles Sports Arena - 3939 S. Figueroa Street,  Exposition Park"	 Los Angeles	 California	 USA
Rocky	"Olympic Auditorium - 1801 S. Grand Avenue,  Downtown"	 Los Angeles	 California	 USA
Rocky	Philadelphia City Hall - 1450 John F. Kennedy Blvd.	 Philadelphia	 Pennsylvania	 USA
Rocky	North Christopher Columbus Blvd	 Philadelphia	 Pennsylvania	 USA
Rocky	S. 9th Street & Washington Avenue	 Philadelphia	 Pennsylvania	 USA
Rocky	1124 Jackson street	 Philadelphia 	Pennsylvania	 USA
Rocky	South 11th street & Cantrell st	 Philadelphia	 Pennsylvania	 USA
Rocky	Ice Capades Chalet - 500 Broadway	 Santa Monica	 California	 USA
One Flew Over the Cuckoo's Nest	Oregon State Mental Hospital - 2600 Center Street NE	 Salem	 Oregon	 USA
One Flew Over the Cuckoo's Nest		Depoe Bay	 Oregon	 USA
One Flew Over the Cuckoo's Nest		Fort Bragg	 California	 USA
One Flew Over the Cuckoo's Nest		Salem	 Oregon	 USA
The Godfather: Part II	Kaiser Estate	 Lake Tahoe	 California	 USA
The Godfather: Part II	El Embajador Hotel	 Santo Domingo		 Dominican Republic
The Godfather: Part II	Trieste	 Friuli-Venezia Giulia		 Italy
The Godfather: Part II	Forza d'Agrò	 Messina	 Sicily	 Italy
The Godfather: Part II		Miami	 Florida	 USA
The Godfather: Part II		New York City	 New York	 USA
The Godfather: Part II	2045 N. Hibiscus Drive	 North Miami	 Florida	 USA
The Godfather: Part II	"6th Street,  Manhattan"	 New York City	 New York	 USA
The Godfather: Part II	"East Village,  Manhattan"	 New York City	 New York	 USA
The Godfather: Part II	"Greenwich Village,  Manhattan"	 New York City	 New York	 USA
The Godfather: Part II		Lake Tahoe	 California	 USA
The Godfather: Part II	"Vazak's Bar - 108 Avenue B,  East Village, Manhattan"	 New York City	 New York	 USA
The Godfather: Part II	"Tomkin's Square, Greenwich Village, Manhattan"	 New York City	 New York	 USA
The Godfather: Part II	Riva Nazario Sauro	 Trieste	 Friuli-Venezia Giulia	 Italy
The Godfather: Part II	Hotel Washington - 515 15th Street	 Washington	 District of Columbia	 USA
The Godfather: Part II		Las Vegas	 Nevada	 USA
The Godfather: Part II		Los Angeles	 California	 USA
The Sting	Hugus Alley	 Pasadena	 California	 USA
The Sting	Union Station - Canal St. & Jackson Blvd. Near West Side	 Chicago	 Illinois	 USA
The Sting	Miller Alley	 Pasadena	 California	 USA
The Sting	Castle Green Apartments - 99 S. Raymond	 Pasadena	 California	 USA
The Sting	"LaSalle Street Station - 141 W. Van Buren Street,  Downtown"	 Chicago	 Illinois	 USA
The Sting	"Biltmore Hotel - 506 S. Grand Avenue,  Downtown"	 Los Angeles	 California	 USA
The Sting	"Stage 28, Universal Studios - 100 Universal City Plaza"	 Universal City	 California	 USA
The Sting	"Stage 32, Universal Studios - 100 Universal City Plaza"	 Universal City	 California	 USA
The Sting	"Penn Central Freight Yards,  Near West Side"	 Chicago	 Illinois	 USA
The Sting	"Brownstone Street,  Backlot,  Universal Studios - 100 Universal City Plaza"	 Universal City	 California	 USA
The Sting	"New York Street,  Backlot,  Universal Studios - 100 Universal City Plaza"	 Universal City	 California	 USA
The Sting	Santa Monica Pier	 Santa Monica	 California	 USA
The Sting	"Stage 27,  Universal Studios - 100 Universal City Plaza"	 Universal City	 California	 USA
The Sting	"Winston St. & Werdin Pl.,  Downtown"	 Los Angeles	 California	 USA
The Godfather	Forza d'Agrò	 Messina	 Sicily	 Italy
The Godfather	110 Longfellow Road	 Staten Island	 New York	 USA
The Godfather		Savoca	 Sicily	 Italy
The Godfather	Jack Dempsey's Restaurant - Broadway & 49th Street  Manhattan	 New York City	 New York	 USA
The Godfather	Old St Patrick's Cathedral - 264 Mulberry Street  Little Italy	 New York City	 New York	 USA
The Godfather	"Castello Degli Schiavi, Fiumefreddo di Sicilia"	 Catania	 Sicily	 Italy
The Godfather	"Mitchell Field,  Garden City"	 Long Island	 New York	 USA
The Godfather		Ross	 California	 USA
The Godfather	Beverly House - 1011 N. Beverly Drive	 Beverly Hills	 California	 USA
The Godfather	"3531 White Plains Road,  Bronx"	 New York City	 New York	 USA
The Godfather	"5th Avenue,  Manhattan"	 New York City	 New York	 USA
The Godfather	Federal Reserve Bank - 33 Liberty Street	 New York City	 New York	 USA
The Godfather	"Fieldstone Mansion,  Riverdale, Bronx"	 New York City	 New York	 USA
The Godfather	"Mott Street, Manhattan"	 New York City	 New York	 USA
The Godfather	Sands Point	 Long Island	 New York	 USA
The Godfather	"St Regis-Sheraton Hotel - 2 East 55th Street,  Fifth Avenue, Manhattan"	 New York City	 New York	 USA
The Godfather	Staten Island	 New York City	 New York	 USA
The Godfather	"Woodside, Queens"	 New York City	 New York	 USA
The Godfather	"Little Italy, Manhattan"	 New York City	 New York	 USA
The Godfather	"NY Eye and Ear Infirmary, 2nd Avenue & East 13th Street"	 New York City	 New York	 USA
The Godfather	"Mount Loretto, Staten Island"	 New York City	 New York	 USA
The Godfather	"120 Longfellow Road, Emerson Hill, Staten Island"	 New York City	 New York	 USA
The Godfather	"59th Street Bridge, Manhattan"	 New York City	 New York	 USA
The Godfather	"Edison Hotel - 228 West 47th Street, Manhattan"	 New York City	 New York	 USA
The Godfather	"Calvary Cemetery,  Woodside,  Queens"	 New York City	 New York	 USA
The Godfather	"Filmways Studios - 246 East 127th Street,  East Harlem,  Manhattan"	 New York City	 New York	 USA
The Godfather	"First United Methodist Church - 6817 Franklin Avenue,  Hollywood"	 Los Angeles	 California	 USA
The Godfather		Jersey City	 New Jersey	 USA
The Godfather		Las Vegas	 Nevada	 USA
The Godfather	Long Beach	 Long Island	 New York	 USA
The Godfather	New York County Courthouse - 60 Centre Street	 New York City	 New York	 USA
The Godfather	"Queensboro Bridge,  Manhattan"	 New York City	 New York	 USA
The Godfather	"Radio City Music Hall - 1260 6th Avenue,  Rockefeller Center,  Manhattan"	 New York City	 New York	 USA
The Godfather	"Riverdale,  Bronx"	 New York City	 New York	 USA
The Godfather	Liberty State Park - Morris Pesin Drive	 Jersey City	 New Jersey	 USA
The Godfather	Hollywood	 Los Angeles	 California	 USA
The French Connection		Marseille	 Bouches-du-Rhône	 France
The French Connection	Château d'If	 Marseille	 Bouches-du-Rhône	 France
The French Connection	Le Copain 891 1st Ave	 New York City	 New York	 USA
The French Connection	Brooklyn Bridge	 New York City	 New York	 USA
The French Connection	"86th Street,  Brooklyn"	 New York City	 New York	 USA
The French Connection	"Roosevelt Hotel - 45th Street & Madison Avenue,  Manhattan"	 New York City	 New York	 USA
The French Connection	"Westbury Hotel - 15 East 69th Street,  Manhattan"	 New York City	 New York	 USA
The French Connection	Rue du Vallon des Auffes	 Marseille	 Bouches-du-Rhône	 France
The French Connection	Chez Fonfon - 140 Rue du Vallon des Auffes	 Marseille	 Bouches-du-Rhône	 France
The French Connection	La samaritaine - 2 Quai du Vieux-Port	 Marseille	 Bouches-du-Rhône	 France
The French Connection	Quai du Vieux Port	 Marseille	 Bouches-du-Rhône	 France
The French Connection	Montée des Accoules	 Marseille	 Bouches-du-Rhône	 France
The French Connection	Rue Baussenque	 Marseille	 Bouches-du-Rhône	 France
The French Connection	Rue du Panier	 Marseille	 Bouches-du-Rhône	 France
The French Connection	"91 Wyckoff Avenue,  Bushwick,  Brooklyn"	 New York City	 New York	 USA
The French Connection	"Forest Avenue,  Ridgewood,  Queens"	 New York City	 New York	 USA
The French Connection	"Grand Central Station Shuttle,  Manhattan"	 New York City	 New York	 USA
The French Connection	"Onderdonk Avenue,  Ridgewood,  Queens"	 New York City	 New York	 USA
The French Connection	Plage du bestouan	 Cassis	 Bouches-du-Rhône	 France
The French Connection	"Putnam Avenue,  Ridgewood,  Queens"	 New York City	 New York	 USA
The French Connection	"Randall's Island,  East River"	 New York City	 New York	 USA
The French Connection		Washington	 District of Columbia	 USA
Patton	Cabo de Gata	 Almería	 Andalucía	 Spain
Patton	"Bob Hope Patriotic Hall - 1816 S. Figueroa Street,  Downtown"	 Los Angeles	 California	 USA
Patton				Italy
Patton	Over Peover	 Knutsford	 Cheshire	 UK
Patton			Timgad	 Algeria
Patton		Almería	 Andalucía	 Spain
Patton				Greece
Patton	La Granja	 Segovia	 Castilla y León	 Spain
Patton		Sierra de Urbasa	 Navarra	 Spain
Patton			Casablanca	 Morocco
Patton			Crete	 Greece
Patton			Rabat	 Morocco
Patton		Volubilis	 Meknès	 Morocco
Midnight Cowboy	Holy Name Cemetery	 Jersey City	 New Jersey	 USA
Midnight Cowboy	"114 East 72nd Street,  Manhattan"	 New York City	 New York	 USA
Midnight Cowboy		Big Spring	 Texas	 USA
Midnight Cowboy	"Filmways Studios - 246 East 127th Street,  East Harlem,  Manhattan"	 New York City	 New York	 USA
Midnight Cowboy		Miami	 Florida	 USA
Midnight Cowboy		Stanton	 Texas	 USA
Midnight Cowboy		Sweetwater	 Texas	 USA
Midnight Cowboy	"Times Square,  Manhattan"	 New York City	 New York	 USA
Midnight Cowboy			Florida	 USA
Midnight Cowboy		Hollywood	 Florida	 USA
Midnight Cowboy	Lincoln Tunnel	 New York City	 New York	 USA
Midnight Cowboy	Mercer Street	 New York City	 New York	 USA
Midnight Cowboy		Miami Beach	 Florida	 USA
Midnight Cowboy			New Jersey	 USA
Oliver!	Shepperton Studios	 Shepperton	 Surrey	 UK
In the Heat of the Night		Sparta	 Illinois	 USA
In the Heat of the Night		Chester	 Illinois	 USA
In the Heat of the Night		Freeburg	 Illinois	 USA
In the Heat of the Night		Belleville	 Illinois	 USA
In the Heat of the Night		Dyersburg	 Tennessee	 USA
In the Heat of the Night	"Raleigh Studios - 5300 Melrose Avenue,  Hollywood"	 Los Angeles	 California	 USA
A Man for All Seasons	Hampton Court Palace	 East Molesey	 Surrey	 UK
A Man for All Seasons	"Studley Priory,  Horton Hill"	 Horton-cum-Studley	 Oxfordshire	 UK
A Man for All Seasons	Beaulieu River		 Hampshire	 UK
A Man for All Seasons	Beaulieu	 Brockenhurst	 Hampshire	 UK
A Man for All Seasons	Beauline Abbey		 Hampshire	 UK
A Man for All Seasons	Brockenhurst		 Hampshire	 UK
A Man for All Seasons	Shepperton Studios	 Shepperton	 Surrey	 UK
The Sound of Music	Schloss Fuschl	 Fuschl	 Salzburg	 Austria
The Sound of Music	Mondsee Cathedral	 Mondsee	 Upper Austria	 Austria
The Sound of Music		Felsenreitschule	 Salzburg	 Austria
The Sound of Music		Mondsee	 Upper Austria	 Austria
The Sound of Music	"Schloss Hellbrunn,  Fürstenweg,  Hellbrunn"	 Salzburg	 Salzburg	 Austria
The Sound of Music		Mozart Steg	 Salzburg	 Austria
The Sound of Music	Nonnberg Abbey	 Salzburg	 Salzburg	 Austria
The Sound of Music		St. Gilgen	 Salzburg	 Austria
The Sound of Music		Wolfgangsee	 Salzkammergut	 Austria
The Sound of Music	Bertelsmann	 Salzburg	 Salzburg	 Austria
The Sound of Music		Bischofshofen	 Salzburg	 Austria
The Sound of Music		Mirabell Gardens	 Salzburg	 Austria
The Sound of Music	Obersalzberg	 Berchtesgaden	 Bavaria	 Germany
The Sound of Music	Residenz Fountain	 Residenzplatz	 Salzburg	 Austria
The Sound of Music	Residenzplatz	 Salzburg	 Salzburg	 Austria
The Sound of Music		Schloss Frohnburg	 Salzburg	 Austria
The Sound of Music	Schloss Hohenwerfen	 Werfen	 Salzburg	 Austria
The Sound of Music	"Stage 15,  20th Century Fox Studios - 10201 Pico Blvd.,  Century City"	 Los Angeles	 California	 USA
The Sound of Music		Werfen	 Salzburg	 Austria
My Fair Lady	 Warner Brothers Burbank Studios - 4000 Warner Boulevard	 Burbank	 California	 USA
Tom Jones		Bridgwater	 Somerset	 UK
Tom Jones		Dorset		 UK
Tom Jones		Somerset		 UK
Lawrence of Arabia	Imperial Sand Dunes Recreation Area	 Glamis	 California	 USA
Lawrence of Arabia		Ait Benhaddou		 Morocco
Lawrence of Arabia	Alfonso XIII Hotel - 2 San Fernando 41004	 Sevilla	 Andalucía	 Spain
Lawrence of Arabia		Aït Benhaddou		 Morocco
Lawrence of Arabia	"El Casino,  Avenida de Maria Luisa"	 Sevilla	 Andalucía	 Spain
Lawrence of Arabia		Playa del Algorocibo	 Andalucía	 Spain
Lawrence of Arabia	Chobham Common	 Surrey		 UK
Lawrence of Arabia		El Jafr		 Jordan
Lawrence of Arabia		Ouarzazate		 Morocco
Lawrence of Arabia	Plaza de España	 Sevilla	 Andalucía	 Spain
Lawrence of Arabia		Wadi Rum		 Jordan
Lawrence of Arabia	Desierto de Tabernas	 Almería	 Andalucía	 Spain
Lawrence of Arabia	"Genovese Beach,  San José"	 Almería	 Andalucía	 Spain
Lawrence of Arabia		Jebel Tubeiq		 Jordan
Lawrence of Arabia		Merthyr Mawr	 Bridgend	 UK
Lawrence of Arabia	"Parque de Maria Luisa,  Avenida de Isabel la Catolica"	 Sevilla	 Andalucía	 Spain
Lawrence of Arabia	Tabernas	 Almería	 Andalucía	 Spain
Lawrence of Arabia	Cabo de Gata	 Almería	 Andalucía	 Spain
Lawrence of Arabia	"Casa de Pilatos,  Plaza de Pilatos"	 Sevilla	 Andalucía	 Spain
Lawrence of Arabia	"El Algarrobico Beach,  Carboneras"	 Almería	 Andalucía	 Spain
Lawrence of Arabia		Maan		 Jordan
Lawrence of Arabia	"Palacio Espanol,  Plaza de España,  Sevilla"	 Sevilla	 Andalucía	 Spain
Lawrence of Arabia	Plaza de Pilatos	 Sevilla	 Andalucía	 Spain
Lawrence of Arabia	Plaza of the Americas	 Sevilla	 Andalucía	 Spain
Lawrence of Arabia	San José	 Almería	 Andalucía	 Spain
Lawrence of Arabia	Shepperton Studios	 Shepperton	 Surrey	 UK
Lawrence of Arabia	St. Paul's Cathedral	 Ludgate Hill	 London	 UK
Lawrence of Arabia	Avenida de Isabel la Catolica	 Sevilla	 Andalucía	 Spain
Lawrence of Arabia	Carboneras	 Almería	 Andalucía	 Spain
West Side Story	"110th Street,  Manhattan"	 New York City	 New York	 USA
West Side Story	"61st Street,  Manhattan"	 New York City	 New York	 USA
West Side Story	Samuel Goldwyn Studios - 7200 Santa Monica Boulevard	 West Hollywood	 California	 USA
West Side Story	"Church of Saint Paul the Apostle,  Columbus Avenue & West 60th Street"	 New York City	 New York	 USA
The Apartment	"Majestic Theater,  247 West 44th Street,  Manhattan"	 New York City	 New York	 USA
The Apartment	The Lot - 1041 N. Formosa Avenue	 West Hollywood	 California	 USA
The Apartment	205 Columbus Avenue	 New York City	 New York	 USA
The Apartment	"59th Street,  Manhattan"	 New York City	 New York	 USA
Ben-Hur	"Corner of Via di Salone and Via delle Case Rosse,  Salone Caves"	 Rome	 Lazio	 Italy
Ben-Hur	the roman fra hippodrome 	Tyre		 Lebanon
Ben-Hur		Anzio		 Italy
Ben-Hur	Canale Monterano	 Rome	 Lazio	 Italy
Ben-Hur		Frosinone	 Lazio	 Italy
Ben-Hur	Metro-Goldwyn-Mayer Studios - 10202 W. Washington Blvd.	 Culver City	 California	 USA
Ben-Hur	Fogliano	 Latina	 Lazio	 Italy
Ben-Hur	Arcinazzo Romano	 Frosinone	 Lazio	 Italy
Ben-Hur	"Cinecittà Studios,  Cinecittà"	 Rome	 Lazio	 Italy
Gigi	Auberge de la Moutière - 14 Rue Moutière	 Montfort-l'Amaury	 Yvelines	 France
Gigi	Bois de Boulogne	 Paris 16	 Paris	 France
Gigi	Hollywood	 Los Angeles	 California	 USA
Gigi	Jardin des Tuileries	 Paris 1	 Paris	 France
Gigi	Jardin du Luxembourg	 Paris 6	 Paris	 France
Gigi	Maxim's - 3 Rue Royale	 Paris 8	 Paris	 France
Gigi	Metro-Goldwyn-Mayer Studios - 10202 W. Washington Blvd.	 Culver City	 California	 USA
Gigi	Musée Jacquemart-André - 158 Boulevard Haussmann	 Paris 8	 Paris	 France
Gigi	Palace De Glace	 Paris		 France
Gigi	Parc Monceau	 Paris 8	 Paris	 France
Gigi	Place Furstenberg	 Paris 6	 Paris	 France
Gigi	Pont Alexandre III	 Paris 7	 Paris	 France
Gigi	"Tour Eiffel,  Champ de Mars"	 Paris 7	 Paris	 France
Gigi	Venice Beach	 Los Angeles	 California	 USA
The Bridge on the River Kwai		Kelani River		 Sri Lanka
The Bridge on the River Kwai	Ambepussa			 Sri Lanka
The Bridge on the River Kwai	Peradeniya Botanical Gardens		 Central Province	 Sri Lanka
The Bridge on the River Kwai		Colombo	 Western Province	 Sri Lanka
The Bridge on the River Kwai	Government Rest House	 Kitulgala		 Sri Lanka
The Bridge on the River Kwai		Kandy	 Central Province	 Sri Lanka
The Bridge on the River Kwai			Kitulgala	 Sri Lanka
The Bridge on the River Kwai			Mahara	 Sri Lanka
The Bridge on the River Kwai	Mount Lavinia Hotel - 100 Hotel Road	 Mount Lavinia	 Western Province	 Sri Lanka
The Bridge on the River Kwai	Kalugamuwa	 Gelioya	 Kandy	 Sri Lanka
Around the World in Eighty Days		Chinchón	 Madrid	 Spain
Around the World in Eighty Days	Plaza Mayor	 Chinchón	 Madrid	 Spain
Around the World in Eighty Days		Hong Kong		 China
Around the World in Eighty Days		Newport Beach	 California	 USA
Around the World in Eighty Days	Yokohama	 Kanagawa	 Honshu	 Japan
Around the World in Eighty Days			Bangkok	 Thailand
Around the World in Eighty Days		Toledo	 Castilla-La Mancha	 Spain
Around the World in Eighty Days		Chelsea	 London	 UK
Around the World in Eighty Days		Durango	 Colorado	 USA
Around the World in Eighty Days	Durango-Silverton Railway Line	 Colorado		 USA
Around the World in Eighty Days	Hyde Park		 London	 UK
Around the World in Eighty Days	"Iverson Ranch - 1 Iverson Lane,  Chatsworth"	 Los Angeles	 California	 USA
Around the World in Eighty Days		Lawton	 Oklahoma	 USA
Around the World in Eighty Days	Lower Grosvenor Place	 Westminster	 London	 UK
Around the World in Eighty Days			New Mexico	 USA
Around the World in Eighty Days				Pakistan
Around the World in Eighty Days	"Rotten Row, Hyde Park"	 Hyde Park	 London	 UK
Around the World in Eighty Days	"Rue de Castiglione,  Paris 1"	 Paris		 France
Around the World in Eighty Days	"Rue de Rivoli, Paris 1"	 Paris		 France
Around the World in Eighty Days	St. James's	 London		 UK
Around the World in Eighty Days	"The Reform Club,  Pall Mall,  St. James's"		 London	 UK
Around the World in Eighty Days				Persian Gulf
Around the World in Eighty Days	"The Grenadier Pub,  18 Wilton Row"	 London		 UK
Around the World in Eighty Days	5 Lower Grosvenor Place	 Westminster	 London	 UK
Around the World in Eighty Days	Alabama Hills	 Lone Pine	 California	 USA
Around the World in Eighty Days	Alamogordo	 New Mexico	 USA	
Around the World in Eighty Days	Chatsworth	 Los Angeles	 California	 USA
Around the World in Eighty Days	Denver & Rio Grande Western Railroad	 Durango	 Colorado	 USA
Around the World in Eighty Days	Elstree Studios	 Borehamwood	 Hertfordshire	 UK
Around the World in Eighty Days	Gare du Nord	 Paris 10	 Paris	 France
Around the World in Eighty Days	"Little Europe,  Backlot,  Universal Studios - 100 Universal City Plaza"	 Universal City	 California	 USA
Around the World in Eighty Days	Pall Mall	 St. James's	 London	 UK
Around the World in Eighty Days		Paris		 France
Around the World in Eighty Days	Place Vendôme	 Paris 1	 Paris	 France
Around the World in Eighty Days	"RKO Studios - 780 Gower Street,  Hollywood"	 Los Angeles	 California	 USA
Around the World in Eighty Days		San Francisco	 California	 USA
Around the World in Eighty Days		San Juan Mountains	 Colorado	 USA
Around the World in Eighty Days		Silverton	 Colorado	 USA
Around the World in Eighty Days		Tokyo		 Japan
Around the World in Eighty Days	Upper Cheyne Row	 Chelsea	 London	 UK
Around the World in Eighty Days	Victoria Square	 Westminster	 London	 UK
Around the World in Eighty Days	Wellington Barracks	 Westminster	 London	 UK
Around the World in Eighty Days		Westminster	 London	 UK
Around the World in Eighty Days	White Sands Missile Range	 Alamogordo	 New Mexico	 USA
Around the World in Eighty Days	"20th Century Fox Studios - 10201 Pico Blvd.,  Century City"	 Los Angeles	 California	 USA
Around the World in Eighty Days	Hollywood	 Los Angeles	 California	 USA
Around the World in Eighty Days		Mount Fuji	 Shizuoka	 Japan
Around the World in Eighty Days	RKO-Pathé Studios - 9336 Washington Blvd.	 Culver City	 California	 USA
Around the World in Eighty Days	Universal Studios - 100 Universal City Plaza	 Universal City	 California	 USA
Around the World in Eighty Days	Warner Brothers Burbank Studios - 4000 Warner Boulevard	 Burbank	 California	 USA
Marty	"187th Street and Arthur Avenue,  The Bronx"	 New York City	 New York	 USA
Marty	"The Grand Councourse,  The Bronx"	 New York City	 New York	 USA
Marty	"IRT Third Avenue Elevated Train Line,  The Bronx"	 New York City	 New York	 USA
Marty	Samuel Goldwyn Studios - 7200 Santa Monica Boulevard	 West Hollywood	 California	 USA
Marty	"Gun Hill Road & White Plains Road, Bronx"	 New York City	 New York	 USA
On the Waterfront		Hoboken	 New Jersey	 USA
On the Waterfront	Hoboken Railway Station	 Hoboken	 New Jersey	 USA
On the Waterfront	Our Lady Of Grace Church - 400 Willow Avenue	 Hoboken	 New Jersey	 USA
On the Waterfront	St Peter and St Paul Church - 400 Hudson Street	 Hoboken	 New Jersey	 USA
On the Waterfront	Court Street	 Hoboken	 New Jersey	 USA
On the Waterfront	Hoboken Waterfront	 Hoboken	 New Jersey	 USA
On the Waterfront	Hudson Street	 Hoboken	 New Jersey	 USA
On the Waterfront		New York City	 New York	 USA
On the Waterfront	"Stevens Park,  Hudson Street"	 Hoboken	 New Jersey	 USA
On the Waterfront	Willow Avenue	 Hoboken	 New Jersey	 USA
From Here to Eternity	Honolulu	 O'ahu	 Hawaii	 USA
From Here to Eternity	Diamond Head	 O'ahu	 Hawaii	 USA
From Here to Eternity	Halona Cove	 O'ahu	 Hawaii	 USA
From Here to Eternity	"Royal Hawaiian Hotel - 2259 Kalakava Avenue,  Honolulu"	 O'ahu	 Hawaii	 USA
From Here to Eternity	"Schofield Barracks,  Wilkina Drive"	 O'ahu	 Hawaii	 USA
From Here to Eternity	"Waialae Golf Course - 4997 Kahala Avenue,  Honolulu"	 O'ahu	 Hawaii	 USA
From Here to Eternity	"Waikiki Beach,  Honolulu"	 O'ahu	 Hawaii	 USA
The Greatest Show on Earth		Sarasota	 Florida	 USA
The Greatest Show on Earth	"Paramount Studios - 5555 Melrose Avenue, Hollywood"	 Los Angeles	 California	 USA
The Greatest Show on Earth		Sarasota Springs	 Florida	 USA
The Greatest Show on Earth		Washington	 District of Columbia	 USA
The Greatest Show on Earth		Cedar City	 Utah	 USA
The Greatest Show on Earth		Philadelphia	 Pennsylvania	 USA
An American in Paris		Paris		 France
An American in Paris	Metro-Goldwyn-Mayer Studios - 10202 W. Washington Blvd.	 Culver City	 California	 USA
All About Eve		San Francisco	 California	 USA
All About Eve	"21 Club - 21 West 52nd Street,  Manhattan"	 New York City	 New York	 USA
All About Eve	"John Golden Theater - 252 West 45th Street,  Manhattan"	 New York City	 New York	 USA
All About Eve	Shubert Theater - 247 College Street	 New Haven	 Connecticut	 USA
All About Eve	"Stage 11,  20th Century Fox Studios - 10201 Pico Blvd.,  Century City"	 Los Angeles	 California	 USA
All About Eve	"242 West 45th Street, Manhattan"	 New York City	 New York	 USA
All the King's Men		Northern California	 California	 USA
All the King's Men		Suisun	 California	 USA
All the King's Men		Fairfield	 California	 USA
All the King's Men		San Joaquin-Sacramento River Delta	 California	 USA
All the King's Men		Stockton	 California	 USA
All the King's Men	University of the Pacific	 Stockton	 California	 USA
Hamlet	Pinewood Studios	 Iver Heath	 Buckinghamshire	 UK
Hamlet	Denham Studios	 Denham	 Buckinghamshire	 UK
Gentleman's Agreement		Darien	 Connecticut	 USA
Gentleman's Agreement	"NBC Building,  Rockefeller Center,  Manhattan"	 New York City	 New York	 USA
Gentleman's Agreement	"Rockefeller Plaza, Manhattan"	 New York City	 New York	 USA
Gentleman's Agreement	"Stage 16,  20th Century Fox Studios - 10201 Pico Blvd.,  Century City"	 Los Angeles	 California	 USA
Gentleman's Agreement	"Stage 6,  20th Century Fox Studios - 10201 Pico Blvd.,  Century City"	 Los Angeles	 California	 USA
The Best Years of Our Lives	Ontario International Airport - 2900 E. Airport Drive	 Ontario	 California	 USA
The Best Years of Our Lives	Walnut Hills High School - 3250 Victory Parkway	 Cincinnati	 Ohio	 USA
The Best Years of Our Lives	Long Beach Airport - 4101 E. Donald Douglas Drive	 Long Beach	 California	 USA
The Best Years of Our Lives	Los Angeles County Arboretum & Botanic Garden - 301 N. Baldwin Avenue	 Arcadia	 California	 USA
The Best Years of Our Lives	"Raleigh Studios - 5300 Melrose Avenue, Hollywood"	 Los Angeles	 California	 USA
The Best Years of Our Lives	Samuel Goldwyn Studios - 7200 Santa Monica Boulevard	 West Hollywood	 California	 USA
The Best Years of Our Lives	"United Artists Studios - 7200 Santa Monica Boulevard,  Hollywood"	 Los Angeles	 California	 USA
The Lost Weekend	"Bellevue Hospital - 550 First Avenue,  Manhattan"	 New York City	 New York	 USA
The Lost Weekend	"P J Clarke's Saloon - 915 Third Avenue,  East Side,  Manhattan"	 New York City	 New York	 USA
The Lost Weekend	Shrine Auditorium - 665 W. Jefferson Boulevard	 Los Angeles	 California	 USA
The Lost Weekend	"East Side,  Manhattan"	 New York City	 New York	 USA
The Lost Weekend	Manhattan	 New York City	 New York	 USA
The Lost Weekend	"Paramount Studios - 5555 Melrose Avenue,  Hollywood"	 Los Angeles	 California	 USA
Going My Way	Saint Monica's Catholic Church - 715 California Avenue	 Santa Monica	 California	 USA
Going My Way	"Lakeside Country Club - 4500 W. Lakeside Drive,  Toluca Lake"	 Los Angeles	 California	 USA
Going My Way	"Paramount Studios - 5555 Melrose Avenue,  Hollywood"	 Los Angeles	 California	 USA
Going My Way	Shrine Auditorium - 665 W. Jefferson Boulevard	 Los Angeles	 California	 USA
Casablanca		Flagstaff	 Arizona	 USA
Casablanca	Hotel Monte Vista	 Flagstaff	 Arizona	 USA
Casablanca	"Metropolitan Airport - 6590 Hayvenhurst Avenue,  Van Nuys"	 Los Angeles	 California	 USA
Casablanca	"Waterman Drive,  Van Nuys"	 Los Angeles	 California	 USA
Casablanca	"French Street,  Warner Brothers Burbank Studios - 4000 Warner Boulevard"	 Burbank	 California	 USA
Casablanca	"Stage 7,  Warner Brothers Burbank Studios - 4000 Warner Boulevard"	 Burbank	 California	 USA
Casablanca		Yuma	 Arizona	 USA
Casablanca	"Stage 11,  Warner Brothers Burbank Studios - 4000 Warner Boulevard"	 Burbank	 California	 USA
Mrs. Miniver	Metro-Goldwyn-Mayer Studios - 10202 W. Washington Blvd.	 Culver City	 California	 USA
How Green Was My Valley		Brent's Crags	 California	 USA
How Green Was My Valley		Malibu	 California	 USA
How Green Was My Valley	Santa Monica Mountains	 Los Angeles	 California	 USA
How Green Was My Valley	"20th Century Fox Ranch,  Malibu Creek State Park - 1925 Las Virgenes Road"	 Calabasas	 California	 USA
How Green Was My Valley	"Stage 15,  20th Century Fox Studios - 10201 Pico Blvd.,  Century City"	 Los Angeles	 California	 USA
Rebecca		Big Sur	 California	 USA
Rebecca	Point Lobos	 Point Lobos State Reserve	 California	 USA
Rebecca		Palos Verdes	 California	 USA
Rebecca	Selznick International Studios - 9336 Washington Blvd.	 Culver City	 California	 USA
Gone with the Wind			Georgia	 USA
Gone with the Wind	Bidwell Park - Manzanita Avenue	 Chico	 California	 USA
Gone with the Wind	"Big Bear Lake, Big Bear Valley"	 San Bernardino National Forest	 California	 USA
Gone with the Wind		North Little Rock	 Arkansas	 USA
Gone with the Wind	Paradise Apple Orchard	 Chico	 California	 USA
Gone with the Wind		Paradise	 California	 USA
Gone with the Wind	Selznick International Studios - 9336 Washington Blvd.	 Culver City	 California	 USA
Gone with the Wind		Calabasas	 California	 USA
Gone with the Wind		Chico	 California	 USA
Gone with the Wind	Metro-Goldwyn-Mayer Studios - 10202 W. Washington Blvd.	 Culver City	 California	 USA
Gone with the Wind		Northern California	 California	 USA
Gone with the Wind	Pentz Road	 Paradise	 California	 USA
Gone with the Wind	Woodland Hills	 Los Angeles	 California	 USA
Gone with the Wind		Agoura Hills	 California	 USA
Gone with the Wind		Agoura	 California	 USA
Gone with the Wind	"Ahmanson Ranch,  Victory Boulevard,  Lasky Mesa"	 West Hills	 Los Angeles	 California
Gone with the Wind	Arroyo Boulevard	 Pasadena	 California	 USA
Gone with the Wind	Big Bear Valley	 San Bernardino National Forest	 California	 USA
Gone with the Wind	Busch Gardens - S. Grove Avenue	 Pasadena	 California	 USA
Gone with the Wind	"Lasky Mesa,  West Hills"	 Los Angeles	 California	 USA
Gone with the Wind		Malibu Lake	 California	 USA
Gone with the Wind		Pasadena	 California	 USA
Gone with the Wind	Reuss Ranch	 Malibu Lake	 California	 USA
Gone with the Wind		San Bernardino National Forest	 California	 USA
Gone with the Wind		Simi Valley	 California	 USA
Gone with the Wind	"United Artists Studios - 7200 Santa Monica Boulevard,  Hollywood"	 Los Angeles	 California	 USA
Gone with the Wind	West Hills	 Los Angeles	 California	 USA
Gone with the Wind	Hollywood	 Los Angeles	 California	 USA
You Can't Take It With You	"Bavaria Studios,  Bavariafilmplatz 7,  Geiselgasteig"	 Grünwald	 Bavaria	 Germany
You Can't Take It With You	"Columbia/Sunset Gower Studios - 1438 N. Gower Street,  Hollywood"	 Los Angeles	 California	 USA
The Life of Emile Zola	Goff Island	 Laguna Beach	 California	 USA
The Life of Emile Zola	"Stage 1,  Warner Brothers Burbank Studios - 4000 Warner Boulevard"	 Burbank	 California	 USA
The Great Ziegfeld	Metro-Goldwyn-Mayer Studios - 10202 W. Washington Blvd.	 Culver City	 California	 USA
Mutiny on the Bounty		Gloucester	 Massachusetts	 USA
Mutiny on the Bounty				French Polynesia
Mutiny on the Bounty	Monterey Bay	 Monterey	 California	 USA
Mutiny on the Bounty	Monterey Harbor	 Monterey	 California	 USA
Mutiny on the Bounty	"Sailing Ship Restaurant,  Pier 42,  The Embarcadero"	 San Francisco	 California	 USA
Mutiny on the Bounty		San Miguel Island	 California	 USA
Mutiny on the Bounty	Santa Barbara Channel	 Channel Islands	 California	 USA
Mutiny on the Bounty	Santa Catalina Island	 Channel Islands	 California	 USA
Mutiny on the Bounty	"South Beach Harbor,  South Beach"	 San Francisco	 California	 USA
Mutiny on the Bounty			Tahiti	 French Polynesia
Mutiny on the Bounty	Metro-Goldwyn-Mayer Studios - 10202 W. Washington Blvd.	 Culver City	 California	 USA
Mutiny on the Bounty			South Pacific	 Pacific Ocean
It Happened One Night	Busch Gardens - S. Grove Avenue	 Pasadena	 California	 USA
It Happened One Night	"Columbia/Sunset Gower Studios - 1438 N. Gower Street,  Hollywood"	 Los Angeles	 California	 USA
It Happened One Night	"Franklin Canyon Reservoir,  Santa Monica Mountains"	 Los Angeles	 California	 USA
It Happened One Night	Ventura Blvd.	 Thousand Oaks	 California	 USA
It Happened One Night		Santa Anita Ave in Arcadia	 California	 USA
Cavalcade	"Fox Movietone City,  Westwood"	 Los Angeles	 California	 USA
Grand Hotel	Metro-Goldwyn-Mayer Studios - 10202 W. Washington Blvd.	 Culver City	 California	 USA
Cimarron	Venice	 Los Angeles	 California	 USA
Cimarron		Inglewood	 California	 USA
Cimarron		Bakersfield	 California	 USA
Cimarron	Jasmin Quinn Ranch	 Los Angeles	 California	 USA
Cimarron	"RKO Encino Ranch - Balboa Boulevard & Burbank Boulevard,  Encino"	 Los Angeles	 California	 USA
All Quiet on the Western Front		Sherwood Forest	 California	 USA
All Quiet on the Western Front		Malibu Lake	 California	 USA
All Quiet on the Western Front	Irvine Ranch - 8471 N. Coast Highway	 Laguna Beach	 California	 USA
All Quiet on the Western Front	Balboa	 Newport Beach	 California	 USA
All Quiet on the Western Front	Universal Studios - 100 Universal City Plaza	 Universal City	 California	 USA
All Quiet on the Western Front	RKO-Pathé Studios - 9336 Washington Blvd.	 Culver City	 California	 USA
All Quiet on the Western Front	"Little Europe,  Backlot,  Universal Studios - 100 Universal City Plaza"	 Universal City	 California	 USA
The Broadway Melody	Metro-Goldwyn-Mayer Studios - 10202 W. Washington Blvd.	 Culver City	 California	 USA
Sunrise	"Big Bear Lake,  Big Bear Valley"	 San Bernardino National Forest	 California	 USA
Sunrise	Lake Arrowhead	 San Bernardino National Forest	 California	 USA
Sunrise				Mexico
Sunrise		Columbia River	 Oregon	 USA
Sunrise	"William Fox Studios - 1401 N. Western Avenue,  Hollywood"	 Los Angeles	 California	 USA
Sunrise	Westwood	 Los Angeles	 California	 USA
Wings		Tucson	 Arizona	 USA
Wings		Bexar County	 Texas	 USA
Wings	Camp Bullis - Harry Wurzbach Rd	 San Antonio	 Texas	 USA
Wings	Camp Stanley	 San Antonio	 Texas	 USA
Wings	Fort Sam Houston	 San Antonio	 Texas	 USA
Wings	Kelly Field	 San Antonio	 Texas	 USA
